<application>
  <component name="ProjectManager">
    <defaultProject>
      <component name="CompilerConfiguration">
        <bytecodeTargetLevel target="17" />
      </component>
      <component name="DiscordProjectSettings">
        <option name="show" value="ASK" />
        <option name="description" value="" />
      </component>
      <component name="JavacSettings">
        <option name="PREFER_TARGET_JDK_COMPILER" value="false" />
      </component>
      <component name="ProjectInspectionProfilesVisibleTreeState">
        <entry key="Project Default">
          <profile-state>
            <expanded-state>
              <State />
              <State>
                <id>Android</id>
              </State>
              <State>
                <id>Class structureJava</id>
              </State>
              <State>
                <id>Code maturityJava</id>
              </State>
              <State>
                <id>Compiler issuesJava</id>
              </State>
              <State>
                <id>Flutter</id>
              </State>
              <State>
                <id>InteroperabilityLintAndroid</id>
              </State>
              <State>
                <id>JVM languages</id>
              </State>
              <State>
                <id>Java</id>
              </State>
              <State>
                <id>Java 5Java language level migration aidsJava</id>
              </State>
              <State>
                <id>Java 8Java language level migration aidsJava</id>
              </State>
              <State>
                <id>Java language level migration aidsJava</id>
              </State>
              <State>
                <id>JavadocJava</id>
              </State>
              <State>
                <id>Kotlin</id>
              </State>
              <State>
                <id>LintAndroid</id>
              </State>
              <State>
                <id>Numeric issuesJava</id>
              </State>
              <State>
                <id>PerformanceJava</id>
              </State>
              <State>
                <id>Test frameworksJVM languages</id>
              </State>
              <State>
                <id>TestNGJava</id>
              </State>
              <State>
                <id>Threading issuesJava</id>
              </State>
            </expanded-state>
            <selected-state>
              <State>
                <id>Android</id>
              </State>
            </selected-state>
          </profile-state>
        </entry>
      </component>
      <component name="ProjectViewState">
        <option name="hideEmptyMiddlePackages" value="true" />
        <option name="showLibraryContents" value="true" />
      </component>
      <component name="PropertiesComponent"><![CDATA[{
  "keyToString": {
    "settings.editor.selected.configurable": "AndroidSdkUpdater"
  }
}]]></component>
      <component name="WindowStateProjectService">
        <state x="461" y="123" key="SettingsEditor" timestamp="1706746308758">
          <screen x="0" y="0" width="1920" height="1040" />
        </state>
        <state x="461" y="123" key="SettingsEditor/0.0.1920.1040/1920.0.1920.1040" timestamp="1706746308758" />
      </component>
    </defaultProject>
  </component>
</application>